{
	"cdmVersionRange" : ">=5.0.0",
	"PrimaryCriteria" : {
		"CriteriaList" : [
			{
				"ConditionOccurrence" : {
					"CodesetId" : 0,
					"OccurrenceStartDate" : {
						"Value" : "2015-12-31",
						"Op" : "bt",
						"Extent" : "2019-12-31"
					},
					"ConditionTypeExclude" : false
				}
			},
			{
				"ProcedureOccurrence" : {
					"CodesetId" : 4,
					"OccurrenceStartDate" : {
						"Value" : "2015-12-31",
						"Op" : "bt",
						"Extent" : "2019-12-31"
					},
					"ProcedureTypeExclude" : false
				}
			},
			{
				"DrugExposure" : {
					"CodesetId" : 4,
					"OccurrenceStartDate" : {
						"Value" : "2015-12-31",
						"Op" : "bt",
						"Extent" : "2019-12-31"
					},
					"DrugTypeExclude" : false
				}
			},
			{
				"Measurement" : {
					"CodesetId" : 4,
					"OccurrenceStartDate" : {
						"Value" : "2015-12-31",
						"Op" : "bt",
						"Extent" : "2019-12-31"
					},
					"MeasurementTypeExclude" : false
				}
			},
			{
				"Observation" : {
					"CodesetId" : 4,
					"OccurrenceStartDate" : {
						"Value" : "2015-12-31",
						"Op" : "bt",
						"Extent" : "2019-12-31"
					},
					"ObservationTypeExclude" : false
				}
			},
			{
				"ProcedureOccurrence" : {
					"CodesetId" : 0,
					"OccurrenceStartDate" : {
						"Value" : "2015-12-31",
						"Op" : "bt",
						"Extent" : "2019-12-31"
					},
					"ProcedureTypeExclude" : false
				}
			}
		],
		"ObservationWindow" : {
			"PriorDays" : 0,
			"PostDays" : 0
		},
		"PrimaryCriteriaLimit" : {
			"Type" : "All"
		}
	},
	"ConceptSets" : [
		{
			"id" : 0,
			"name" : "[cervello] ADHD",
			"expression" : {
				"items" : [
					{
						"concept" : {
							"CONCEPT_ID" : 438409,
							"CONCEPT_NAME" : "Attention deficit hyperactivity disorder",
							"STANDARD_CONCEPT" : "S",
							"STANDARD_CONCEPT_CAPTION" : "Standard",
							"INVALID_REASON" : "V",
							"INVALID_REASON_CAPTION" : "Valid",
							"CONCEPT_CODE" : "406506008",
							"DOMAIN_ID" : "Condition",
							"VOCABULARY_ID" : "SNOMED",
							"CONCEPT_CLASS_ID" : "Clinical Finding"
						},
						"isExcluded" : false,
						"includeDescendants" : true,
						"includeMapped" : false
					},
					{
						"concept" : {
							"CONCEPT_ID" : 4.048023e+07,
							"CONCEPT_NAME" : "Adult attention deficit hyperactivity disorder",
							"STANDARD_CONCEPT" : "S",
							"STANDARD_CONCEPT_CAPTION" : "Standard",
							"INVALID_REASON" : "V",
							"INVALID_REASON_CAPTION" : "Valid",
							"CONCEPT_CODE" : "444613000",
							"DOMAIN_ID" : "Condition",
							"VOCABULARY_ID" : "SNOMED",
							"CONCEPT_CLASS_ID" : "Clinical Finding"
						},
						"isExcluded" : false,
						"includeDescendants" : true,
						"includeMapped" : false
					},
					{
						"concept" : {
							"CONCEPT_ID" : 4.576557e+07,
							"CONCEPT_NAME" : "Drug therapy for attention deficit hyperactivity disorder",
							"STANDARD_CONCEPT" : "S",
							"STANDARD_CONCEPT_CAPTION" : "Standard",
							"INVALID_REASON" : "V",
							"INVALID_REASON_CAPTION" : "Valid",
							"CONCEPT_CODE" : "702538008",
							"DOMAIN_ID" : "Procedure",
							"VOCABULARY_ID" : "SNOMED",
							"CONCEPT_CLASS_ID" : "Procedure"
						},
						"isExcluded" : false,
						"includeDescendants" : true,
						"includeMapped" : false
					}
				]
			}
		},
		{
			"id" : 4,
			"name" : "[cervello] ADHD medications",
			"expression" : {
				"items" : [
					{
						"concept" : {
							"CONCEPT_ID" : 705944,
							"CONCEPT_NAME" : "Methylphenidate",
							"STANDARD_CONCEPT" : "S",
							"STANDARD_CONCEPT_CAPTION" : "Standard",
							"INVALID_REASON" : "V",
							"INVALID_REASON_CAPTION" : "Valid",
							"CONCEPT_CODE" : "6901",
							"DOMAIN_ID" : "Drug",
							"VOCABULARY_ID" : "RxNorm",
							"CONCEPT_CLASS_ID" : "Ingredient"
						},
						"isExcluded" : false,
						"includeDescendants" : true,
						"includeMapped" : false
					},
					{
						"concept" : {
							"CONCEPT_ID" : 704053,
							"CONCEPT_NAME" : "Methamphetamine",
							"STANDARD_CONCEPT" : "S",
							"STANDARD_CONCEPT_CAPTION" : "Standard",
							"INVALID_REASON" : "V",
							"INVALID_REASON_CAPTION" : "Valid",
							"CONCEPT_CODE" : "6816",
							"DOMAIN_ID" : "Drug",
							"VOCABULARY_ID" : "RxNorm",
							"CONCEPT_CLASS_ID" : "Ingredient"
						},
						"isExcluded" : false,
						"includeDescendants" : true,
						"includeMapped" : false
					},
					{
						"concept" : {
							"CONCEPT_ID" : 709567,
							"CONCEPT_NAME" : "Lisdexamfetamine",
							"STANDARD_CONCEPT" : "S",
							"STANDARD_CONCEPT_CAPTION" : "Standard",
							"INVALID_REASON" : "V",
							"INVALID_REASON_CAPTION" : "Valid",
							"CONCEPT_CODE" : "700810",
							"DOMAIN_ID" : "Drug",
							"VOCABULARY_ID" : "RxNorm",
							"CONCEPT_CLASS_ID" : "Ingredient"
						},
						"isExcluded" : false,
						"includeDescendants" : true,
						"includeMapped" : false
					},
					{
						"concept" : {
							"CONCEPT_ID" : 731533,
							"CONCEPT_NAME" : "dexmethylphenidate",
							"STANDARD_CONCEPT" : "S",
							"STANDARD_CONCEPT_CAPTION" : "Standard",
							"INVALID_REASON" : "V",
							"INVALID_REASON_CAPTION" : "Valid",
							"CONCEPT_CODE" : "352372",
							"DOMAIN_ID" : "Drug",
							"VOCABULARY_ID" : "RxNorm",
							"CONCEPT_CLASS_ID" : "Ingredient"
						},
						"isExcluded" : false,
						"includeDescendants" : true,
						"includeMapped" : false
					},
					{
						"concept" : {
							"CONCEPT_ID" : 719311,
							"CONCEPT_NAME" : "Dextroamphetamine",
							"STANDARD_CONCEPT" : "S",
							"STANDARD_CONCEPT_CAPTION" : "Standard",
							"INVALID_REASON" : "V",
							"INVALID_REASON_CAPTION" : "Valid",
							"CONCEPT_CODE" : "3288",
							"DOMAIN_ID" : "Drug",
							"VOCABULARY_ID" : "RxNorm",
							"CONCEPT_CLASS_ID" : "Ingredient"
						},
						"isExcluded" : false,
						"includeDescendants" : true,
						"includeMapped" : false
					},
					{
						"concept" : {
							"CONCEPT_ID" : 742185,
							"CONCEPT_NAME" : "atomoxetine",
							"STANDARD_CONCEPT" : "S",
							"STANDARD_CONCEPT_CAPTION" : "Standard",
							"INVALID_REASON" : "V",
							"INVALID_REASON_CAPTION" : "Valid",
							"CONCEPT_CODE" : "38400",
							"DOMAIN_ID" : "Drug",
							"VOCABULARY_ID" : "RxNorm",
							"CONCEPT_CLASS_ID" : "Ingredient"
						},
						"isExcluded" : false,
						"includeDescendants" : true,
						"includeMapped" : false
					},
					{
						"concept" : {
							"CONCEPT_ID" : 714785,
							"CONCEPT_NAME" : "Amphetamine",
							"STANDARD_CONCEPT" : "S",
							"STANDARD_CONCEPT_CAPTION" : "Standard",
							"INVALID_REASON" : "V",
							"INVALID_REASON_CAPTION" : "Valid",
							"CONCEPT_CODE" : "725",
							"DOMAIN_ID" : "Drug",
							"VOCABULARY_ID" : "RxNorm",
							"CONCEPT_CLASS_ID" : "Ingredient"
						},
						"isExcluded" : false,
						"includeDescendants" : true,
						"includeMapped" : false
					},
					{
						"concept" : {
							"CONCEPT_ID" : 1.902627e+07,
							"CONCEPT_NAME" : "p-hydroxyamphetamine",
							"STANDARD_CONCEPT" : "S",
							"STANDARD_CONCEPT_CAPTION" : "Standard",
							"INVALID_REASON" : "V",
							"INVALID_REASON_CAPTION" : "Valid",
							"CONCEPT_CODE" : "7839",
							"DOMAIN_ID" : "Drug",
							"VOCABULARY_ID" : "RxNorm",
							"CONCEPT_CLASS_ID" : "Ingredient"
						},
						"isExcluded" : false,
						"includeDescendants" : true,
						"includeMapped" : false
					},
					{
						"concept" : {
							"CONCEPT_ID" : 4273557,
							"CONCEPT_NAME" : "Amphetamine measurement",
							"STANDARD_CONCEPT" : "S",
							"STANDARD_CONCEPT_CAPTION" : "Standard",
							"INVALID_REASON" : "V",
							"INVALID_REASON_CAPTION" : "Valid",
							"CONCEPT_CODE" : "63817004",
							"DOMAIN_ID" : "Measurement",
							"VOCABULARY_ID" : "SNOMED",
							"CONCEPT_CLASS_ID" : "Procedure"
						},
						"isExcluded" : false,
						"includeDescendants" : true,
						"includeMapped" : false
					},
					{
						"concept" : {
							"CONCEPT_ID" : 4.625763e+07,
							"CONCEPT_NAME" : "Amphetamines",
							"STANDARD_CONCEPT" : "C",
							"STANDARD_CONCEPT_CAPTION" : "Classification",
							"INVALID_REASON" : "V",
							"INVALID_REASON_CAPTION" : "Valid",
							"CONCEPT_CODE" : "1022247",
							"DOMAIN_ID" : "Procedure",
							"VOCABULARY_ID" : "CPT4",
							"CONCEPT_CLASS_ID" : "CPT4 Hierarchy"
						},
						"isExcluded" : false,
						"includeDescendants" : true,
						"includeMapped" : false
					},
					{
						"concept" : {
							"CONCEPT_ID" : 3.668366e+07,
							"CONCEPT_NAME" : "Exposure to methamphetamine",
							"STANDARD_CONCEPT" : "S",
							"STANDARD_CONCEPT_CAPTION" : "Standard",
							"INVALID_REASON" : "V",
							"INVALID_REASON_CAPTION" : "Valid",
							"CONCEPT_CODE" : "781698003",
							"DOMAIN_ID" : "Observation",
							"VOCABULARY_ID" : "SNOMED",
							"CONCEPT_CLASS_ID" : "Event"
						},
						"isExcluded" : false,
						"includeDescendants" : true,
						"includeMapped" : false
					},
					{
						"concept" : {
							"CONCEPT_ID" : 4101536,
							"CONCEPT_NAME" : "Methamphetamine measurement",
							"STANDARD_CONCEPT" : "S",
							"STANDARD_CONCEPT_CAPTION" : "Standard",
							"INVALID_REASON" : "V",
							"INVALID_REASON_CAPTION" : "Valid",
							"CONCEPT_CODE" : "27965000",
							"DOMAIN_ID" : "Measurement",
							"VOCABULARY_ID" : "SNOMED",
							"CONCEPT_CLASS_ID" : "Procedure"
						},
						"isExcluded" : false,
						"includeDescendants" : true,
						"includeMapped" : false
					},
					{
						"concept" : {
							"CONCEPT_ID" : 4.625774e+07,
							"CONCEPT_NAME" : "Methylphenidate",
							"STANDARD_CONCEPT" : "S",
							"STANDARD_CONCEPT_CAPTION" : "Standard",
							"INVALID_REASON" : "V",
							"INVALID_REASON_CAPTION" : "Valid",
							"CONCEPT_CODE" : "80360",
							"DOMAIN_ID" : "Procedure",
							"VOCABULARY_ID" : "CPT4",
							"CONCEPT_CLASS_ID" : "CPT4"
						},
						"isExcluded" : false,
						"includeDescendants" : true,
						"includeMapped" : false
					}
				]
			}
		}
	],
	"QualifiedLimit" : {
		"Type" : "First"
	},
	"ExpressionLimit" : {
		"Type" : "First"
	},
	"InclusionRules" : [],
	"CensoringCriteria" : [
		{
			"Death" : {
				"DeathTypeExclude" : false
			}
		}
	],
	"CollapseSettings" : {
		"CollapseType" : "ERA",
		"EraPad" : 0
	},
	"CensorWindow" : {}
}