{
	"cdmVersionRange" : ">=5.0.0",
	"PrimaryCriteria" : {
		"CriteriaList" : [
			{
				"ConditionOccurrence" : {
					"CodesetId" : 0,
					"OccurrenceStartDate" : {
						"Value" : "2015-12-31",
						"Op" : "bt",
						"Extent" : "2019-12-31"
					},
					"ConditionTypeExclude" : false
				}
			},
			{
				"DrugExposure" : {
					"CodesetId" : 2,
					"OccurrenceStartDate" : {
						"Value" : "2015-12-31",
						"Op" : "bt",
						"Extent" : "2019-12-31"
					},
					"DrugTypeExclude" : false
				}
			},
			{
				"Observation" : {
					"CodesetId" : 0,
					"OccurrenceStartDate" : {
						"Value" : "2015-12-31",
						"Op" : "bt",
						"Extent" : "2019-12-31"
					},
					"ObservationTypeExclude" : false
				}
			}
		],
		"ObservationWindow" : {
			"PriorDays" : 0,
			"PostDays" : 0
		},
		"PrimaryCriteriaLimit" : {
			"Type" : "All"
		}
	},
	"ConceptSets" : [
		{
			"id" : 0,
			"name" : "[cervello] Dementia",
			"expression" : {
				"items" : [
					{
						"concept" : {
							"CONCEPT_ID" : 4182210,
							"CONCEPT_NAME" : "Dementia",
							"STANDARD_CONCEPT" : "S",
							"STANDARD_CONCEPT_CAPTION" : "Standard",
							"INVALID_REASON" : "V",
							"INVALID_REASON_CAPTION" : "Valid",
							"CONCEPT_CODE" : "52448006",
							"DOMAIN_ID" : "Condition",
							"VOCABULARY_ID" : "SNOMED",
							"CONCEPT_CLASS_ID" : "Clinical Finding"
						},
						"isExcluded" : false,
						"includeDescendants" : true,
						"includeMapped" : false
					},
					{
						"concept" : {
							"CONCEPT_ID" : 3.561062e+07,
							"CONCEPT_NAME" : "Dementia advance care plan agreed",
							"STANDARD_CONCEPT" : "S",
							"STANDARD_CONCEPT_CAPTION" : "Standard",
							"INVALID_REASON" : "V",
							"INVALID_REASON_CAPTION" : "Valid",
							"CONCEPT_CODE" : "1095121000000102",
							"DOMAIN_ID" : "Observation",
							"VOCABULARY_ID" : "SNOMED",
							"CONCEPT_CLASS_ID" : "Clinical Finding"
						},
						"isExcluded" : false,
						"includeDescendants" : true,
						"includeMapped" : false
					},
					{
						"concept" : {
							"CONCEPT_ID" : 4.628488e+07,
							"CONCEPT_NAME" : "Dementia care plan agreed",
							"STANDARD_CONCEPT" : "S",
							"STANDARD_CONCEPT_CAPTION" : "Standard",
							"INVALID_REASON" : "V",
							"INVALID_REASON_CAPTION" : "Valid",
							"CONCEPT_CODE" : "956841000000106",
							"DOMAIN_ID" : "Observation",
							"VOCABULARY_ID" : "SNOMED",
							"CONCEPT_CLASS_ID" : "Clinical Finding"
						},
						"isExcluded" : false,
						"includeDescendants" : true,
						"includeMapped" : false
					},
					{
						"concept" : {
							"CONCEPT_ID" : 4.628488e+07,
							"CONCEPT_NAME" : "Dementia care plan reviewed",
							"STANDARD_CONCEPT" : "S",
							"STANDARD_CONCEPT_CAPTION" : "Standard",
							"INVALID_REASON" : "V",
							"INVALID_REASON_CAPTION" : "Valid",
							"CONCEPT_CODE" : "956861000000107",
							"DOMAIN_ID" : "Observation",
							"VOCABULARY_ID" : "SNOMED",
							"CONCEPT_CLASS_ID" : "Context-dependent"
						},
						"isExcluded" : false,
						"includeDescendants" : true,
						"includeMapped" : false
					},
					{
						"concept" : {
							"CONCEPT_ID" : 4.479094e+07,
							"CONCEPT_NAME" : "Dementia monitoring",
							"STANDARD_CONCEPT" : "S",
							"STANDARD_CONCEPT_CAPTION" : "Standard",
							"INVALID_REASON" : "V",
							"INVALID_REASON_CAPTION" : "Valid",
							"CONCEPT_CODE" : "248711000000102",
							"DOMAIN_ID" : "Observation",
							"VOCABULARY_ID" : "SNOMED",
							"CONCEPT_CLASS_ID" : "Procedure"
						},
						"isExcluded" : false,
						"includeDescendants" : true,
						"includeMapped" : false
					},
					{
						"concept" : {
							"CONCEPT_ID" : 4043378,
							"CONCEPT_NAME" : "Frontotemporal dementia",
							"STANDARD_CONCEPT" : "S",
							"STANDARD_CONCEPT_CAPTION" : "Standard",
							"INVALID_REASON" : "V",
							"INVALID_REASON_CAPTION" : "Valid",
							"CONCEPT_CODE" : "230270009",
							"DOMAIN_ID" : "Condition",
							"VOCABULARY_ID" : "SNOMED",
							"CONCEPT_CLASS_ID" : "Clinical Finding"
						},
						"isExcluded" : false,
						"includeDescendants" : true,
						"includeMapped" : false
					},
					{
						"concept" : {
							"CONCEPT_ID" : 4.274241e+07,
							"CONCEPT_NAME" : "Functional status for dementia assessed and results reviewed (DEM)",
							"STANDARD_CONCEPT" : "S",
							"STANDARD_CONCEPT_CAPTION" : "Standard",
							"INVALID_REASON" : "V",
							"INVALID_REASON_CAPTION" : "Valid",
							"CONCEPT_CODE" : "1175F",
							"DOMAIN_ID" : "Observation",
							"VOCABULARY_ID" : "CPT4",
							"CONCEPT_CLASS_ID" : "CPT4"
						},
						"isExcluded" : false,
						"includeDescendants" : true,
						"includeMapped" : false
					},
					{
						"concept" : {
							"CONCEPT_ID" : 4059191,
							"CONCEPT_NAME" : "H/O: dementia",
							"STANDARD_CONCEPT" : "S",
							"STANDARD_CONCEPT_CAPTION" : "Standard",
							"INVALID_REASON" : "V",
							"INVALID_REASON_CAPTION" : "Valid",
							"CONCEPT_CODE" : "161465002",
							"DOMAIN_ID" : "Observation",
							"VOCABULARY_ID" : "SNOMED",
							"CONCEPT_CLASS_ID" : "Context-dependent"
						},
						"isExcluded" : false,
						"includeDescendants" : true,
						"includeMapped" : false
					},
					{
						"concept" : {
							"CONCEPT_ID" : 4.478276e+07,
							"CONCEPT_NAME" : "Lewy body dementia with behavioral disturbance",
							"STANDARD_CONCEPT" : "S",
							"STANDARD_CONCEPT_CAPTION" : "Standard",
							"INVALID_REASON" : "V",
							"INVALID_REASON_CAPTION" : "Valid",
							"CONCEPT_CODE" : "135811000119107",
							"DOMAIN_ID" : "Condition",
							"VOCABULARY_ID" : "SNOMED",
							"CONCEPT_CLASS_ID" : "Clinical Finding"
						},
						"isExcluded" : false,
						"includeDescendants" : true,
						"includeMapped" : false
					},
					{
						"concept" : {
							"CONCEPT_ID" : 4.480434e+07,
							"CONCEPT_NAME" : "Dementia monitoring invitation",
							"STANDARD_CONCEPT" : "S",
							"STANDARD_CONCEPT_CAPTION" : "Standard",
							"INVALID_REASON" : "V",
							"INVALID_REASON_CAPTION" : "Valid",
							"CONCEPT_CODE" : "711441000000100",
							"DOMAIN_ID" : "Observation",
							"VOCABULARY_ID" : "SNOMED",
							"CONCEPT_CLASS_ID" : "Procedure"
						},
						"isExcluded" : false,
						"includeDescendants" : true,
						"includeMapped" : false
					}
				]
			}
		},
		{
			"id" : 2,
			"name" : "[cervello] Dementia drug",
			"expression" : {
				"items" : [
					{
						"concept" : {
							"CONCEPT_ID" : 715997,
							"CONCEPT_NAME" : "donepezil",
							"STANDARD_CONCEPT" : "S",
							"STANDARD_CONCEPT_CAPTION" : "Standard",
							"INVALID_REASON" : "V",
							"INVALID_REASON_CAPTION" : "Valid",
							"CONCEPT_CODE" : "135447",
							"DOMAIN_ID" : "Drug",
							"VOCABULARY_ID" : "RxNorm",
							"CONCEPT_CLASS_ID" : "Ingredient"
						},
						"isExcluded" : false,
						"includeDescendants" : true,
						"includeMapped" : false
					},
					{
						"concept" : {
							"CONCEPT_ID" : 757627,
							"CONCEPT_NAME" : "galantamine",
							"STANDARD_CONCEPT" : "S",
							"STANDARD_CONCEPT_CAPTION" : "Standard",
							"INVALID_REASON" : "V",
							"INVALID_REASON_CAPTION" : "Valid",
							"CONCEPT_CODE" : "4637",
							"DOMAIN_ID" : "Drug",
							"VOCABULARY_ID" : "RxNorm",
							"CONCEPT_CLASS_ID" : "Ingredient"
						},
						"isExcluded" : false,
						"includeDescendants" : true,
						"includeMapped" : false
					},
					{
						"concept" : {
							"CONCEPT_ID" : 701322,
							"CONCEPT_NAME" : "memantine",
							"STANDARD_CONCEPT" : "S",
							"STANDARD_CONCEPT_CAPTION" : "Standard",
							"INVALID_REASON" : "V",
							"INVALID_REASON_CAPTION" : "Valid",
							"CONCEPT_CODE" : "6719",
							"DOMAIN_ID" : "Drug",
							"VOCABULARY_ID" : "RxNorm",
							"CONCEPT_CLASS_ID" : "Ingredient"
						},
						"isExcluded" : false,
						"includeDescendants" : true,
						"includeMapped" : false
					},
					{
						"concept" : {
							"CONCEPT_ID" : 733523,
							"CONCEPT_NAME" : "rivastigmine",
							"STANDARD_CONCEPT" : "S",
							"STANDARD_CONCEPT_CAPTION" : "Standard",
							"INVALID_REASON" : "V",
							"INVALID_REASON_CAPTION" : "Valid",
							"CONCEPT_CODE" : "183379",
							"DOMAIN_ID" : "Drug",
							"VOCABULARY_ID" : "RxNorm",
							"CONCEPT_CLASS_ID" : "Ingredient"
						},
						"isExcluded" : false,
						"includeDescendants" : true,
						"includeMapped" : false
					},
					{
						"concept" : {
							"CONCEPT_ID" : 836654,
							"CONCEPT_NAME" : "tacrine",
							"STANDARD_CONCEPT" : "S",
							"STANDARD_CONCEPT_CAPTION" : "Standard",
							"INVALID_REASON" : "V",
							"INVALID_REASON_CAPTION" : "Valid",
							"CONCEPT_CODE" : "10318",
							"DOMAIN_ID" : "Drug",
							"VOCABULARY_ID" : "RxNorm",
							"CONCEPT_CLASS_ID" : "Ingredient"
						},
						"isExcluded" : false,
						"includeDescendants" : true,
						"includeMapped" : false
					}
				]
			}
		},
		{
			"id" : 3,
			"name" : "covid-19 mh HIV",
			"expression" : {
				"items" : [
					{
						"concept" : {
							"CONCEPT_ID" : 439727,
							"CONCEPT_NAME" : "Human immunodeficiency virus infection",
							"STANDARD_CONCEPT" : "S",
							"STANDARD_CONCEPT_CAPTION" : "Standard",
							"INVALID_REASON" : "V",
							"INVALID_REASON_CAPTION" : "Valid",
							"CONCEPT_CODE" : "86406008",
							"DOMAIN_ID" : "Condition",
							"VOCABULARY_ID" : "SNOMED",
							"CONCEPT_CLASS_ID" : "Clinical Finding"
						},
						"isExcluded" : false,
						"includeDescendants" : true,
						"includeMapped" : false
					}
				]
			}
		},
		{
			"id" : 4,
			"name" : "covid-19 mh dementia due to huntington chore",
			"expression" : {
				"items" : [
					{
						"concept" : {
							"CONCEPT_ID" : 4.04831e+07,
							"CONCEPT_NAME" : "Dementia due to Huntington chorea",
							"STANDARD_CONCEPT" : "S",
							"STANDARD_CONCEPT_CAPTION" : "Standard",
							"INVALID_REASON" : "V",
							"INVALID_REASON_CAPTION" : "Valid",
							"CONCEPT_CODE" : "442344002",
							"DOMAIN_ID" : "Condition",
							"VOCABULARY_ID" : "SNOMED",
							"CONCEPT_CLASS_ID" : "Clinical Finding"
						},
						"isExcluded" : false,
						"includeDescendants" : true,
						"includeMapped" : false
					}
				]
			}
		},
		{
			"id" : 5,
			"name" : "covid-19 mh dementia due to picks disease",
			"expression" : {
				"items" : [
					{
						"concept" : {
							"CONCEPT_ID" : 4.478271e+07,
							"CONCEPT_NAME" : "Dementia due to Pick's disease",
							"STANDARD_CONCEPT" : "S",
							"STANDARD_CONCEPT_CAPTION" : "Standard",
							"INVALID_REASON" : "V",
							"INVALID_REASON_CAPTION" : "Valid",
							"CONCEPT_CODE" : "21921000119103",
							"DOMAIN_ID" : "Condition",
							"VOCABULARY_ID" : "SNOMED",
							"CONCEPT_CLASS_ID" : "Clinical Finding"
						},
						"isExcluded" : false,
						"includeDescendants" : true,
						"includeMapped" : false
					}
				]
			}
		},
		{
			"id" : 6,
			"name" : "covid-19 mh Parkinsons disease",
			"expression" : {
				"items" : [
					{
						"concept" : {
							"CONCEPT_ID" : 381270,
							"CONCEPT_NAME" : "Parkinson's disease",
							"STANDARD_CONCEPT" : "S",
							"STANDARD_CONCEPT_CAPTION" : "Standard",
							"INVALID_REASON" : "V",
							"INVALID_REASON_CAPTION" : "Valid",
							"CONCEPT_CODE" : "49049000",
							"DOMAIN_ID" : "Condition",
							"VOCABULARY_ID" : "SNOMED",
							"CONCEPT_CLASS_ID" : "Clinical Finding"
						},
						"isExcluded" : false,
						"includeDescendants" : true,
						"includeMapped" : false
					}
				]
			}
		}
	],
	"QualifiedLimit" : {
		"Type" : "First"
	},
	"ExpressionLimit" : {
		"Type" : "All"
	},
	"InclusionRules" : [
		{
			"name" : "Has no prior diagnosis of HIV",
			"expression" : {
				"Type" : "ALL",
				"CriteriaList" : [
					{
						"Criteria" : {
							"ConditionOccurrence" : {
								"CodesetId" : 3,
								"ConditionTypeExclude" : false
							}
						},
						"StartWindow" : {
							"Start" : {
								"Coeff" : -1
							},
							"End" : {
								"Days" : 1,
								"Coeff" : -1
							},
							"UseIndexEnd" : false,
							"UseEventEnd" : false
						},
						"RestrictVisit" : false,
						"IgnoreObservationPeriod" : true,
						"Occurrence" : {
							"Type" : 0,
							"Count" : 0,
							"IsDistinct" : false
						}
					}
				],
				"DemographicCriteriaList" : [],
				"Groups" : []
			}
		},
		{
			"name" : "Has no prior diagnosis of dementia due to Picks disease",
			"expression" : {
				"Type" : "ALL",
				"CriteriaList" : [
					{
						"Criteria" : {
							"ConditionOccurrence" : {
								"CodesetId" : 5,
								"ConditionTypeExclude" : false
							}
						},
						"StartWindow" : {
							"Start" : {
								"Coeff" : -1
							},
							"End" : {
								"Days" : 1,
								"Coeff" : -1
							},
							"UseIndexEnd" : false,
							"UseEventEnd" : false
						},
						"RestrictVisit" : false,
						"IgnoreObservationPeriod" : true,
						"Occurrence" : {
							"Type" : 0,
							"Count" : 0,
							"IsDistinct" : false
						}
					}
				],
				"DemographicCriteriaList" : [],
				"Groups" : []
			}
		},
		{
			"name" : "Has no prior diagnosis of dementia due to Huntington chore",
			"expression" : {
				"Type" : "ALL",
				"CriteriaList" : [
					{
						"Criteria" : {
							"ConditionOccurrence" : {
								"CodesetId" : 4,
								"ConditionTypeExclude" : false
							}
						},
						"StartWindow" : {
							"Start" : {
								"Coeff" : -1
							},
							"End" : {
								"Days" : 1,
								"Coeff" : -1
							},
							"UseIndexEnd" : false,
							"UseEventEnd" : false
						},
						"RestrictVisit" : false,
						"IgnoreObservationPeriod" : true,
						"Occurrence" : {
							"Type" : 0,
							"Count" : 0,
							"IsDistinct" : false
						}
					}
				],
				"DemographicCriteriaList" : [],
				"Groups" : []
			}
		},
		{
			"name" : "Has no prior diagnosis of Parkinsons disease",
			"expression" : {
				"Type" : "ALL",
				"CriteriaList" : [
					{
						"Criteria" : {
							"ConditionOccurrence" : {
								"CodesetId" : 6,
								"ConditionTypeExclude" : false
							}
						},
						"StartWindow" : {
							"Start" : {
								"Coeff" : -1
							},
							"End" : {
								"Days" : 1,
								"Coeff" : -1
							},
							"UseIndexEnd" : false,
							"UseEventEnd" : false
						},
						"RestrictVisit" : false,
						"IgnoreObservationPeriod" : true,
						"Occurrence" : {
							"Type" : 0,
							"Count" : 0,
							"IsDistinct" : false
						}
					}
				],
				"DemographicCriteriaList" : [],
				"Groups" : []
			}
		}
	],
	"CensoringCriteria" : [
		{
			"Death" : {
				"DeathTypeExclude" : false
			}
		}
	],
	"CollapseSettings" : {
		"CollapseType" : "ERA",
		"EraPad" : 0
	},
	"CensorWindow" : {}
}